run,inference_time_ms
1,8.3586
2,8.2608
3,7.9051
4,8.0721
5,8.2026
6,8.4742
7,8.2922
8,8.4568
9,8.3392
10,8.2856
11,8.3355
12,8.4008
13,8.2724
14,8.3264
15,8.3231
16,8.2325
17,8.3248
18,8.4257
19,8.2224
20,8.7245
21,8.6282
22,8.396
23,8.3681
24,8.5275
25,8.3897
26,8.5087
27,8.1584
28,8.6469
29,9.1117
30,8.4217
31,8.2801
32,8.5099
33,8.2452
34,8.3456
35,8.532
36,8.5247
37,8.1947
38,8.3369
39,8.454
40,8.3722
41,8.3039
42,8.4508
43,8.3774
44,8.4895
45,8.5197
46,8.6257
47,8.3913
48,8.0864
49,8.9994
50,8.5053
51,8.6534
52,8.3378
53,8.9525
54,8.3234
55,8.2671
56,8.3681
57,8.1696
58,8.5041
59,8.4554
60,8.4787
61,8.3973
62,8.1301
63,8.3047
64,8.2712
65,8.8634
66,8.6018
67,8.0323
68,8.3825
69,8.2388
70,8.2135
71,8.042
72,8.1146
73,8.1167
74,8.2493
75,8.1129
76,8.0404
77,8.2775
78,8.2821
79,8.1961
80,8.2576
81,8.2207
82,8.2747
83,8.1039
84,8.0732
85,8.1182
86,8.2091
87,8.0787
88,8.305
89,9.0234
90,7.9586
91,8.1975
92,8.4318
93,8.8227
94,8.579
95,8.3636
96,8.7196
97,8.321
98,8.032
99,8.3451
100,8.4582
