epoch,train_loss,val_loss,val_acc,val_qwk,val_f1,lr,status
1,1.6214,1.4012,0.5481,0.5182,0.4912,0.0001,[*] BEST
2,1.3412,1.1894,0.6279,0.6341,0.5843,9.89e-05,[*] BEST
3,1.1205,0.9841,0.7042,0.7294,0.6691,9.57e-05,[*] BEST
4,0.9418,0.8123,0.7623,0.7981,0.7284,9.05e-05,[*] BEST
5,0.812,0.7014,0.7967,0.8392,0.769,8.35e-05,[*] BEST
6,0.7042,0.6128,0.8221,0.871,0.8012,7.5e-05,[*] BEST
7,0.6189,0.5412,0.8385,0.8924,0.8194,6.55e-05,[*] BEST
8,0.5491,0.4905,0.8494,0.9082,0.8299,5.52e-05,[*] BEST
9,0.4912,0.4518,0.8566,0.919,0.8371,4.48e-05,[*] BEST
10,0.4438,0.4219,0.8621,0.9275,0.8428,3.45e-05,[*] BEST
11,0.4081,0.4014,0.8675,0.9331,0.8465,2.5e-05,[*] BEST
12,0.3812,0.3889,0.8711,0.9378,0.8492,1.65e-05,[*] BEST
13,0.3624,0.3802,0.8748,0.9405,0.851,9.55e-06,[*] BEST
14,0.3498,0.3751,0.8784,0.9421,0.8534,4.3e-06,[*] BEST (OPTIMAL)
15,0.3421,0.3762,0.8766,0.9418,0.8529,1e-06,
