run_index,latency_ms,latency_seconds,batch_size,device,threads,cpu_model
1,102.82,0.102820,1,cpu,4,"Intel64 Family 6 Model 142 Stepping 12, GenuineIntel"
2,90.31,0.090310,1,cpu,4,"Intel64 Family 6 Model 142 Stepping 12, GenuineIntel"
3,105.79,0.105790,1,cpu,4,"Intel64 Family 6 Model 142 Stepping 12, GenuineIntel"
4,123.04,0.123040,1,cpu,4,"Intel64 Family 6 Model 142 Stepping 12, GenuineIntel"
5,88.42,0.088420,1,cpu,4,"Intel64 Family 6 Model 142 Stepping 12, GenuineIntel"
6,88.42,0.088420,1,cpu,4,"Intel64 Family 6 Model 142 Stepping 12, GenuineIntel"
7,124.15,0.124150,1,cpu,4,"Intel64 Family 6 Model 142 Stepping 12, GenuineIntel"
8,108.15,0.108150,1,cpu,4,"Intel64 Family 6 Model 142 Stepping 12, GenuineIntel"
9,83.78,0.083780,1,cpu,4,"Intel64 Family 6 Model 142 Stepping 12, GenuineIntel"
10,103.72,0.103720,1,cpu,4,"Intel64 Family 6 Model 142 Stepping 12, GenuineIntel"
11,83.90,0.083900,1,cpu,4,"Intel64 Family 6 Model 142 Stepping 12, GenuineIntel"
12,83.86,0.083860,1,cpu,4,"Intel64 Family 6 Model 142 Stepping 12, GenuineIntel"
13,237.42,0.237420,1,cpu,4,"Intel64 Family 6 Model 142 Stepping 12, GenuineIntel"
14,68.59,0.068590,1,cpu,4,"Intel64 Family 6 Model 142 Stepping 12, GenuineIntel"
15,68.59,0.068590,1,cpu,4,"Intel64 Family 6 Model 142 Stepping 12, GenuineIntel"
16,81.96,0.081960,1,cpu,4,"Intel64 Family 6 Model 142 Stepping 12, GenuineIntel"
17,73.08,0.073080,1,cpu,4,"Intel64 Family 6 Model 142 Stepping 12, GenuineIntel"
18,99.22,0.099220,1,cpu,4,"Intel64 Family 6 Model 142 Stepping 12, GenuineIntel"
19,75.14,0.075140,1,cpu,4,"Intel64 Family 6 Model 142 Stepping 12, GenuineIntel"
20,68.59,0.068590,1,cpu,4,"Intel64 Family 6 Model 142 Stepping 12, GenuineIntel"
21,121.91,0.121910,1,cpu,4,"Intel64 Family 6 Model 142 Stepping 12, GenuineIntel"
22,88.58,0.088580,1,cpu,4,"Intel64 Family 6 Model 142 Stepping 12, GenuineIntel"
23,94.36,0.094360,1,cpu,4,"Intel64 Family 6 Model 142 Stepping 12, GenuineIntel"
24,68.59,0.068590,1,cpu,4,"Intel64 Family 6 Model 142 Stepping 12, GenuineIntel"
25,82.31,0.082310,1,cpu,4,"Intel64 Family 6 Model 142 Stepping 12, GenuineIntel"
26,95.22,0.095220,1,cpu,4,"Intel64 Family 6 Model 142 Stepping 12, GenuineIntel"
27,70.36,0.070360,1,cpu,4,"Intel64 Family 6 Model 142 Stepping 12, GenuineIntel"
28,100.43,0.100430,1,cpu,4,"Intel64 Family 6 Model 142 Stepping 12, GenuineIntel"
29,81.20,0.081200,1,cpu,4,"Intel64 Family 6 Model 142 Stepping 12, GenuineIntel"
30,87.29,0.087290,1,cpu,4,"Intel64 Family 6 Model 142 Stepping 12, GenuineIntel"
31,81.18,0.081180,1,cpu,4,"Intel64 Family 6 Model 142 Stepping 12, GenuineIntel"
32,129.52,0.129520,1,cpu,4,"Intel64 Family 6 Model 142 Stepping 12, GenuineIntel"
33,92.77,0.092770,1,cpu,4,"Intel64 Family 6 Model 142 Stepping 12, GenuineIntel"
34,72.19,0.072190,1,cpu,4,"Intel64 Family 6 Model 142 Stepping 12, GenuineIntel"
35,109.24,0.109240,1,cpu,4,"Intel64 Family 6 Model 142 Stepping 12, GenuineIntel"
36,68.98,0.068980,1,cpu,4,"Intel64 Family 6 Model 142 Stepping 12, GenuineIntel"
37,97.15,0.097150,1,cpu,4,"Intel64 Family 6 Model 142 Stepping 12, GenuineIntel"
38,68.59,0.068590,1,cpu,4,"Intel64 Family 6 Model 142 Stepping 12, GenuineIntel"
39,68.59,0.068590,1,cpu,4,"Intel64 Family 6 Model 142 Stepping 12, GenuineIntel"
40,96.91,0.096910,1,cpu,4,"Intel64 Family 6 Model 142 Stepping 12, GenuineIntel"
41,107.58,0.107580,1,cpu,4,"Intel64 Family 6 Model 142 Stepping 12, GenuineIntel"
42,96.41,0.096410,1,cpu,4,"Intel64 Family 6 Model 142 Stepping 12, GenuineIntel"
43,90.75,0.090750,1,cpu,4,"Intel64 Family 6 Model 142 Stepping 12, GenuineIntel"
44,87.10,0.087100,1,cpu,4,"Intel64 Family 6 Model 142 Stepping 12, GenuineIntel"
45,68.59,0.068590,1,cpu,4,"Intel64 Family 6 Model 142 Stepping 12, GenuineIntel"
46,78.85,0.078850,1,cpu,4,"Intel64 Family 6 Model 142 Stepping 12, GenuineIntel"
47,83.96,0.083960,1,cpu,4,"Intel64 Family 6 Model 142 Stepping 12, GenuineIntel"
48,234.24,0.234240,1,cpu,4,"Intel64 Family 6 Model 142 Stepping 12, GenuineIntel"
49,99.80,0.099800,1,cpu,4,"Intel64 Family 6 Model 142 Stepping 12, GenuineIntel"
50,68.59,0.068590,1,cpu,4,"Intel64 Family 6 Model 142 Stepping 12, GenuineIntel"
51,99.42,0.099420,1,cpu,4,"Intel64 Family 6 Model 142 Stepping 12, GenuineIntel"
52,85.45,0.085450,1,cpu,4,"Intel64 Family 6 Model 142 Stepping 12, GenuineIntel"
53,79.70,0.079700,1,cpu,4,"Intel64 Family 6 Model 142 Stepping 12, GenuineIntel"
54,105.08,0.105080,1,cpu,4,"Intel64 Family 6 Model 142 Stepping 12, GenuineIntel"
55,113.34,0.113340,1,cpu,4,"Intel64 Family 6 Model 142 Stepping 12, GenuineIntel"
56,111.38,0.111380,1,cpu,4,"Intel64 Family 6 Model 142 Stepping 12, GenuineIntel"
57,76.50,0.076500,1,cpu,4,"Intel64 Family 6 Model 142 Stepping 12, GenuineIntel"
58,86.94,0.086940,1,cpu,4,"Intel64 Family 6 Model 142 Stepping 12, GenuineIntel"
59,99.56,0.099560,1,cpu,4,"Intel64 Family 6 Model 142 Stepping 12, GenuineIntel"
60,112.25,0.112250,1,cpu,4,"Intel64 Family 6 Model 142 Stepping 12, GenuineIntel"
61,83.59,0.083590,1,cpu,4,"Intel64 Family 6 Model 142 Stepping 12, GenuineIntel"
62,89.38,0.089380,1,cpu,4,"Intel64 Family 6 Model 142 Stepping 12, GenuineIntel"
63,71.24,0.071240,1,cpu,4,"Intel64 Family 6 Model 142 Stepping 12, GenuineIntel"
64,69.47,0.069470,1,cpu,4,"Intel64 Family 6 Model 142 Stepping 12, GenuineIntel"
65,109.04,0.109040,1,cpu,4,"Intel64 Family 6 Model 142 Stepping 12, GenuineIntel"
66,119.75,0.119750,1,cpu,4,"Intel64 Family 6 Model 142 Stepping 12, GenuineIntel"
67,91.61,0.091610,1,cpu,4,"Intel64 Family 6 Model 142 Stepping 12, GenuineIntel"
68,112.80,0.112800,1,cpu,4,"Intel64 Family 6 Model 142 Stepping 12, GenuineIntel"
69,100.16,0.100160,1,cpu,4,"Intel64 Family 6 Model 142 Stepping 12, GenuineIntel"
70,80.32,0.080320,1,cpu,4,"Intel64 Family 6 Model 142 Stepping 12, GenuineIntel"
71,100.15,0.100150,1,cpu,4,"Intel64 Family 6 Model 142 Stepping 12, GenuineIntel"
72,123.33,0.123330,1,cpu,4,"Intel64 Family 6 Model 142 Stepping 12, GenuineIntel"
73,92.33,0.092330,1,cpu,4,"Intel64 Family 6 Model 142 Stepping 12, GenuineIntel"
74,123.86,0.123860,1,cpu,4,"Intel64 Family 6 Model 142 Stepping 12, GenuineIntel"
75,68.59,0.068590,1,cpu,4,"Intel64 Family 6 Model 142 Stepping 12, GenuineIntel"
76,109.23,0.109230,1,cpu,4,"Intel64 Family 6 Model 142 Stepping 12, GenuineIntel"
77,94.75,0.094750,1,cpu,4,"Intel64 Family 6 Model 142 Stepping 12, GenuineIntel"
78,87.14,0.087140,1,cpu,4,"Intel64 Family 6 Model 142 Stepping 12, GenuineIntel"
79,94.84,0.094840,1,cpu,4,"Intel64 Family 6 Model 142 Stepping 12, GenuineIntel"
80,68.59,0.068590,1,cpu,4,"Intel64 Family 6 Model 142 Stepping 12, GenuineIntel"
81,88.71,0.088710,1,cpu,4,"Intel64 Family 6 Model 142 Stepping 12, GenuineIntel"
82,100.07,0.100070,1,cpu,4,"Intel64 Family 6 Model 142 Stepping 12, GenuineIntel"
83,122.15,0.122150,1,cpu,4,"Intel64 Family 6 Model 142 Stepping 12, GenuineIntel"
84,82.82,0.082820,1,cpu,4,"Intel64 Family 6 Model 142 Stepping 12, GenuineIntel"
85,77.10,0.077100,1,cpu,4,"Intel64 Family 6 Model 142 Stepping 12, GenuineIntel"
86,83.15,0.083150,1,cpu,4,"Intel64 Family 6 Model 142 Stepping 12, GenuineIntel"
87,111.07,0.111070,1,cpu,4,"Intel64 Family 6 Model 142 Stepping 12, GenuineIntel"
88,99.51,0.099510,1,cpu,4,"Intel64 Family 6 Model 142 Stepping 12, GenuineIntel"
89,192.91,0.192910,1,cpu,4,"Intel64 Family 6 Model 142 Stepping 12, GenuineIntel"
90,103.14,0.103140,1,cpu,4,"Intel64 Family 6 Model 142 Stepping 12, GenuineIntel"
91,94.95,0.094950,1,cpu,4,"Intel64 Family 6 Model 142 Stepping 12, GenuineIntel"
92,112.12,0.112120,1,cpu,4,"Intel64 Family 6 Model 142 Stepping 12, GenuineIntel"
93,79.20,0.079200,1,cpu,4,"Intel64 Family 6 Model 142 Stepping 12, GenuineIntel"
94,86.58,0.086580,1,cpu,4,"Intel64 Family 6 Model 142 Stepping 12, GenuineIntel"
95,85.31,0.085310,1,cpu,4,"Intel64 Family 6 Model 142 Stepping 12, GenuineIntel"
96,68.59,0.068590,1,cpu,4,"Intel64 Family 6 Model 142 Stepping 12, GenuineIntel"
97,98.87,0.098870,1,cpu,4,"Intel64 Family 6 Model 142 Stepping 12, GenuineIntel"
98,98.18,0.098180,1,cpu,4,"Intel64 Family 6 Model 142 Stepping 12, GenuineIntel"
99,93.13,0.093130,1,cpu,4,"Intel64 Family 6 Model 142 Stepping 12, GenuineIntel"
100,88.41,0.088410,1,cpu,4,"Intel64 Family 6 Model 142 Stepping 12, GenuineIntel"
