epoch,train_loss,val_loss,val_accuracy,val_qwk,val_f1,lr
1,1.362504,0.947581,0.656364,0.771173,0.491706,1.00e-04
2,1.034721,0.77403,0.705455,0.830521,0.541111,9.89e-05
3,0.904448,0.638443,0.796364,0.867326,0.654671,9.57e-05
4,0.785597,0.620398,0.789091,0.855809,0.63707,9.05e-05
5,0.767437,0.608991,0.798182,0.874406,0.631145,8.36e-05
6,0.712628,0.629791,0.767273,0.851891,0.634071,7.52e-05
7,0.679063,0.571831,0.774545,0.863669,0.642273,6.58e-05
8,0.668761,0.567656,0.810909,0.879584,0.688469,5.57e-05
9,0.623921,0.564016,0.801818,0.883808,0.663651,4.53e-05
10,0.56453,0.573863,0.801818,0.882779,0.667563,3.52e-05
11,0.517256,0.560883,0.810909,0.893724,0.686183,2.58e-05
12,0.535151,0.559696,0.807273,0.891707,0.681275,1.74e-05
13,0.542185,0.57313,0.807273,0.88854,0.669671,1.05e-05
14,0.528482,0.555868,0.805455,0.888624,0.677133,5.28e-06
15,0.496885,0.557285,0.803636,0.886929,0.678496,2.08e-06
